total_revenue,product_category
419719922.282712,timepieces
229493549.167652,necklaces
112581424.452179,bracelets